ticker,close,velocity,acceleration,rsi
BVAL,31.04599952697754,-0.5286626932427205,-0.010338103918936026,54.22106401390043
PIO,45.16999816894531,0.9972255505910546,0.02245778851470645,59.07085877562007
RWX,27.139999389648438,2.176044943403903,0.029582100716026516,54.25956269561589
DBAW,47.90999984741211,-2.1446063249489464,-0.03416545138060889,54.07168580305686
LCTD,57.05699920654297,-1.3793109359732845,-0.016985375818961132,48.59875194242335
NANC,49.5,-0.8810545430685367,0.020188906754883107,53.69836908563329
TCAL,22.389999389648438,1.3580771162892062,0.012004497084293408,57.129416306485446
IBTP,25.5049991607666,0.7107537706003061,0.005911462843179276,61.609389216417895
BJUL,54.369998931884766,0.5176535006600081,0.017157640987575495,68.82873260313043
EMHC,25.420000076293945,-0.27461630228625183,-0.003179960727064099,57.28034926802344
MDST,29.25,2.5955796744207427,0.012600942946814069,54.2757395039237
SHOC,114.18199920654297,-6.778790351826053,-0.3295004561752788,51.72202364309083
FMTM,41.439998626708984,-2.4941208783318016,-0.07403162054350343,51.02344682885535
RISR,36.2400016784668,0.1243320459234961,0.002317036393084372,50.465188593021324
PBE,89.69000244140625,6.9916137549163215,0.14087647687295246,74.57076798757001
FCPI,53.904998779296875,-0.5112406911936971,0.003951868490973287,51.7412583871352
PBDC,26.299999237060547,-1.2021096622251908,0.005932369569042223,38.76594603833803
OPPE,55.231998443603516,-1.40111835049839,-0.024505710236919775,43.671931260843536
KOID,38.84000015258789,-7.655732561977264,-0.09706226220892084,41.64522784184415
DIVZ,38.04499816894531,2.079414278676784,0.021492622447665963,57.285967066365714
FDIG,43.87900161743164,-5.17363744291206,0.006741338396864027,48.929160925972454
TSPX,29.36400032043457,-0.6865732704246517,-0.005747232594856974,46.26884910269074
BSCZ,20.53499984741211,0.5237926061761011,0.003167076760731389,59.887916634079936
FMF,49.90999984741211,-0.9468700723675862,0.010192131373992969,36.68804870828824
FDEV,35.25,-0.7601364140879603,-0.0024706017755380255,42.27100519975829
OACP,22.84000015258789,0.329456468044348,0.0016918132504204972,62.61506614059963
MQQQ,230.98500061035156,-2.224434795386322,-0.16085479689331805,48.545259991047885
SHYL,44.34000015258789,-0.10588885013870142,0.00012392378482004723,56.06889762774332
FXD,70.25,1.9102933866831415,0.04482836380018029,61.9656974615004
SPXT,107.5510025024414,0.14036917234400534,0.0436521904755916,52.491714192340716
SGDJ,77.7300033569336,-6.450828279207387,0.025659418382864896,42.21284601596172
SIO,25.860000610351562,0.4466877738178717,0.003827365153635527,63.11044945500038
BSMU,21.915000915527344,-0.10028426336974254,0.00022049087167808068,59.49855828788203
DRLL,33.97999954223633,0.5920685913761188,0.027168832437104662,38.254161092849166
XTWY,38.03799819946289,0.7629091376500413,-0.002553266380343061,65.3240144081818
BKFI,23.989999771118164,0.3975698327456033,0.0020249429657662604,60.9681727836344
BLGR,30.690000534057617,-1.9488776928807874,-0.01481242819251627,42.411368007753765
ROE,41.93199920654297,-1.4477792711532662,-0.02323662129809645,53.476542958296854
ULVM,106.58000183105469,1.5289386808891132,0.006015102252930449,65.77744280595908
PIT,65.44000244140625,-3.3953284542298823,0.059138973278338725,28.46711104220394
WDIV,80.33000183105469,0.8461429346830295,0.05064377875585299,54.8425215989643
IJAN,37.814998626708984,-0.7870996682319452,-0.007795149140592109,51.27060351447664
QID,14.739999771118164,9.238437684974954,0.026333593737008887,51.90642163624166
AVUQ,63.922000885009766,-1.8863871208899097,-0.04425601573126134,42.55358100660808
TOV,30.961999893188477,-2.0034797718715605,-0.0070009202912840185,46.728851028695026
PSQO,20.610000610351562,-0.12025601127541068,-0.0021724067725058423,56.10543843637035
IQSI,37.80799865722656,-1.385017958100717,-0.009125703370528704,52.57448774392261
PIE,32.33000183105469,-4.524249438503249,-0.040343035777940295,51.56316529203379
AQLT,30.735000610351562,-1.1640978560559927,-0.009429757713300568,46.92546325947275
KBWP,127.06999969482422,5.91726249152694,0.19314088328655565,67.64041059111536
MPRO,32.68000030517578,0.8759874773814412,0.015404335928486126,60.68848684181291
EMBD,23.920000076293945,-0.29178697579018814,-0.002348055943219657,57.02589100720018
MSTU,1.4700000286102295,-48.60139571575136,-0.008306616295077673,25.145843663312675
MRVU,186.57000732421875,-27.16400960689939,-1.9892071607664015,49.51965119974325
CHPX,101.12000274658203,-7.458583460111713,-0.25454069894790265,51.94693025099642
FDM,92.5,3.8301284782398506,0.09858826861150272,70.44264553671005
CSB,66.0979995727539,3.5077794541359397,0.07128130581837713,66.49678939801262
UVXY,27.219999313354492,4.692305051363432,0.043128245441844015,41.626133944035026
LRGG,26.950000762939453,-2.223992194284805,0.018921530556504806,41.62875929949354
EVIM,53.369998931884766,0.18772005493106728,-0.0009452845833509138,70.92738197952406
XSHQ,47.88999938964844,2.0695255608871035,0.030637674913970014,66.10364709801675
ROCY,53.369998931884766,-1.8211951202191021,-0.007211318978993159,46.9290186513459
FJP,76.97000122070312,-1.6530315358967567,-0.015657693892558555,52.75850321826755
IFV,26.503999710083008,-3.5982167819796746,-0.018541938290593973,41.85795829528325
SEIX,23.15999984741211,0.13350298082988238,0.0006996633693908544,64.5594790228742
QVMS,34.777000427246094,2.8540283577394856,0.025617806679297472,69.89341607912272
JUCY,22.1200008392334,0.22655706887438604,0.004042595538972691,56.931535415541234
SMLV,157.52999877929688,3.980877943089682,0.18383921709577655,74.59746712925603
BNDY,25.445999145507812,0.299559731022502,0.0033985359079451716,59.91633807278902
SPRX,52.970001220703125,-8.562056030283678,-0.14553946066855827,48.8705135587141
AESR,20.100000381469727,-3.225806747844843,-0.01839680839564839,50.76335956369262
FLCH,20.270000457763672,-3.8998823538986436,-0.008962816669242923,26.47875525098719
MNA,36.459999084472656,0.3302116989017682,0.0007459274500952323,52.557231554343595
WOOD,66.80000305175781,-0.7134300479309236,-0.045701877170041386,48.776729683514
TSLR,19.969999313354492,-10.967458574905313,0.0341753260817973,39.73680691760934
BFEB,51.79999923706055,-1.577050758521695,-0.018330737514689888,44.7177489685545
FEMS,45.02000045776367,-3.272327573057867,-0.03164851721120299,42.408351195152285
FFUT,57.45399856567383,-2.0642671626260722,0.0034609606579698027,31.43295368158452
JAJL,29.899999618530273,0.11719352981866425,0.0016560164798638116,67.72664026619123
GQI,58.02000045776367,-1.192099367144855,-0.009485295563083418,46.86152766905097
PTIR,8.8100004196167,-23.986192375937588,0.044744562685421374,33.602185231312134
GCC,22.6200008392334,-2.709673809748824,0.020169570437584494,27.65986369700755
ELCV,32.689998626708984,0.7395927831337014,-0.017186670468916365,59.51129597275603
FMAG,35.52899932861328,-3.764997529472229,-0.02041524210484935,44.52656141340151
RXI,191.77000427246094,-2.322618813255911,0.08331567741320534,44.38686712491828
TMAT,29.969999313354492,-1.339834363254685,-0.01828012336309126,54.574663362101276
GOOY,12.619999885559082,-7.879447018928912,-0.011953142626069085,31.558515484843
VEXC,93.8499984741211,-3.4961455278960476,-0.10658604517339709,50.633448152193694
BMAR,56.529998779296875,-1.7638359926062022,-0.03060950174390195,41.91455690223047
CAIQ,26.559999465942383,-1.0432216283669073,0.0017997435984923038,50.26134110442699
CNYA,37.45000076293945,-0.8472324356523602,-0.044801670161999846,51.234133142849316
UEVM,58.04199981689453,-2.63696218679795,-0.02204198899354004,40.88200622508316
VRTL,43.28900146484375,-19.25702487488984,-0.4687563353502546,44.08209799555807
UDEC,41.36399841308594,-0.3036954935729847,-0.006235562029383135,49.119997898040545
DAX,44.26300048828125,-2.429188029124727,-0.02354369754073847,43.51964061596147
EMQQ,30.649999618530273,-3.0983230105548203,0.014173415594476158,37.58227785465619
TOK,147.47999572753906,-1.7520517434673404,-0.005306693137564933,46.92944824239073
RTH,256.2200012207031,-0.21419473322463145,0.09045506246448443,45.89964932973011
SPUU,206.1999969482422,-4.37582039511998,-0.0874554540674144,44.086382615169065
UFEB,38.2599983215332,-0.9936928773925888,-0.0078614725226549,45.260089530794865
EMBX,51.29999923706055,-0.44634105896531606,-0.0017182459877615464,51.58478941168861
FUMB,20.059999465942383,0.0747143143282206,-3.0684092505416094e-06,65.64899377255503
USOI,42.91999816894531,-7.226089581514647,0.007868829795768861,29.682571846795852
SCUS,25.190000534057617,0.09934280795057765,0.0011016765104858127,68.6123344895818
OALC,40.08000183105469,-1.9905099916353524,-0.015816899898804138,49.9569130329569
XSLV,52.7400016784668,4.388106250378936,0.049353655185146006,69.00020028176957
CNRG,106.80000305175781,-5.60283977286942,-0.10402101769184413,43.89722845751294
YOKE,31.90399932861328,-2.859054345761909,-0.0450220771402271,51.17519398887893
TDAQ,27.31999969482422,-3.2920364784983405,-0.003761296314131829,47.225278829075634
GTEK,59.632999420166016,-3.8332510332317904,-0.06730174773642728,54.159927626806
TPIF,36.9900016784668,-1.9561040867956858,-0.010391515933725975,45.96793262767606
TBG,37.06999969482422,1.3672409192575559,0.026500176609819487,55.50668531814974
JOET,45.369998931884766,-0.37330254770507515,-0.011739480636653199,57.28366315215582
BENJ,52.75,0.06639447464820154,-0.0011828700601453357,75.1951701750887
VSDA,58.492000579833984,2.9824997959938226,0.040842878563060514,72.18191721861
XQQI,50.56999969482422,-4.88997284871012,-0.04474753735154491,46.28546180464669
DBP,93.5,-4.92169668306746,0.09228328051983592,33.472023248344726
QHY,45.784000396728516,-0.10856388802538816,-0.001135394767310352,55.65219114927985
WCLD,30.709999084472656,3.9255495003779193,0.1385521816888774,52.82909536524035
MUSI,43.847999572753906,0.4536037570528201,0.0053895512834190445,62.039646995655005
CAPE,32.76300048828125,3.0607094832723307,0.04287115146267994,59.9429435934481
LDRX,34.5890007019043,-2.7989276610743503,0.005959803764829935,42.66811831346193
HYZD,22.469999313354492,-0.17727149170049802,-0.002770764923690834,52.27884382158142
SNSR,47.66999816894531,-7.039782949076469,-0.08774863519186804,43.72763991884654
FFOX,29.701000213623047,2.13548931068171,0.018350224127582748,64.70924960391241
EUHY,53.709999084472656,0.1118314201068741,-0.002716367203385389,60.72900366050037
RSPS,30.700000762939453,3.7828383496691558,0.03514100436624509,61.99635048705091
FCTE,28.618000030517578,2.024958320521345,0.0033522771525583694,65.08087837864831
OILK,47.02000045776367,-5.884705125270354,0.02115677659764792,29.886126833750296
IBTQ,25.200000762939453,0.7194256669964505,0.005588786415851577,61.69522455467435
PSP,54.7400016784668,-4.163308152911938,0.010281191015587332,35.44646961057198
NBIE,26.100000381469727,-1.3232528218302788,-0.006641156845506757,50.66435033470615
APMU,25.010000228881836,-0.07990594172992935,-0.00016701742280433515,58.60834183594983
SCEP,24.510000228881836,-2.2337434094903337,-0.012596400476812132,43.287281940624055
ROKT,112.61000061035156,-4.18779947361776,0.13085189371660788,41.14977611576511
SELV,32.22999954223633,-0.37093952873215963,0.005558482502475273,42.15240025684931
WTMF,40.59000015258789,-1.8617032069650323,-0.012676913209791689,43.38551820388172
SDSI,51.345001220703125,0.16582696440357475,0.004297445954482819,56.87766693011959
XRPC,11.130000114440918,-8.319606262922031,-0.0008849496103601195,35.24469497579514
MAYT,38.529998779296875,-1.1544401442382266,-0.002749521258594234,46.56003380676407
SRET,22.709999084472656,2.6997611868153593,0.020615825187727935,61.91953957538131
SCNM,25.174999237060547,0.2788277080286425,0.0024635427490401762,65.14832377983322
GVLU,26.610000610351562,2.11835149979538,0.03576557720327128,58.069234111193246
JULW,40.76499938964844,0.11050630549203973,-0.0003535648986146833,71.78836951562035
EWZS,13.0600004196167,3.7331236007348214,0.028443489792825682,44.136840154751106
XOEX,40.26300048828125,0.983176046788621,0.020806505713958978,60.45870515008938
GDIV,18.452999114990234,-0.8489653727728469,-0.0026583784734482974,53.11643250537761
VGMS,51.279998779296875,0.019501309623431273,-0.002687510089747283,56.71452390872314
XRPZ,11.380000114440918,-8.225802705389537,-0.0005039215243459738,35.19279333305332
HBTA,31.618000030517578,-3.8995802801224375,-0.013844878282730039,45.567883489759176
TRFM,60.21799850463867,-3.6203602019371797,-0.06398922093435222,52.440639427477
EVSB,50.93000030517578,0.11795041193407105,0.0017022542028215723,71.61990310981051
SCJ,105.87999725341797,0.2936417159134919,0.040798323906251155,58.325939802855444
NOCT,61.779998779296875,-1.0173870494528754,-0.009308843658523303,49.17793636672224
NOWL,4.309999942779541,5.637255474862033,0.05928048425380933,45.179147059491946
INTL,30.270000457763672,-3.44497579127437,-0.021808120555332794,44.742296508919075
INCO,59.7599983215332,-0.11700402369894153,-0.015373414140570946,58.63519178862672
AFIF,9.399999618530273,0.1064885499672003,-0.00011791376854093823,63.00447923126036
ESPO,86.51000213623047,-2.0049803664944092,0.048159377824896654,40.44480855062229
CSD,149.67999267578125,5.60925505390208,0.21759313179805329,66.43211876818592
ASLV,29.8799991607666,0.21800645830858384,0.004892004404379535,56.715009448646676
AVSE,80.1500015258789,-4.88340104856755,-0.08171468169448293,50.88796415232
BFOR,94.5199966430664,1.5907090638173753,0.0265645179326508,66.75768767783596
BMAY,46.75,-1.3879533684489105,-0.009698474740814894,45.556661161685156
HYBI,49.198001861572266,-0.11572267852383959,-6.91980457984201e-05,54.52257221718047
TMB,25.565000534057617,0.32572083024230636,0.003314331813513722,60.52360103520397
FXG,62.22999954223633,1.5883955279043904,0.01413123798908169,53.33316909601992
DECW,35.36000061035156,-0.6602067770540743,-0.003705018964688736,48.42146926470214
FDLS,41.60200119018555,0.5160499459663724,-0.0028974445138974514,58.365972161849754
PALC,57.80699920654297,-1.6569963980991476,-0.03765261905723716,53.55847674462135
TUSB,50.52000045776367,0.07924111705641997,0.003198603748354449,62.46917880949356
MBSF,25.65999984741211,0.027138393912672365,-0.0017237564763119273,61.53102753764168
SLNZ,45.61000061035156,-0.15323926085063405,-0.008107273644856444,54.30553754048696
HSCZ,43.025001525878906,-1.0236937711708234,-0.011419875645538508,51.46629159495681
FCAL,49.595001220703125,0.2282246796574749,0.0013402589975472917,70.75069641534162
AINP,25.030000686645508,0.21584362792022552,-0.000561955852772314,60.54260413118611
GPZ,21.100000381469727,-7.374891371977264,-0.02425533571305427,35.089232663799706
PRFD,51.32600021362305,0.24609267344932745,0.0004987012077290465,65.8419265106948
FNK,61.779998779296875,2.9589862257103756,0.05331493526543085,66.44291886217172
AMZY,10.460000038146973,-4.151993139697395,0.010209743010198474,38.479555849472156
PGHY,19.739999771118164,-0.23248523506197777,-0.0021276835544341913,53.11179341270145
SBND,18.799999237060547,0.15982300780641093,0.0013164457944646601,60.47489715424669
SPDN,8.869999885559082,2.423059112956022,0.002573177622645098,56.77954355670361
GIGL,50.768001556396484,0.37367879175631974,0.004005978679580066,63.69014340468928
ERX,78.0,1.4787933218013996,0.12902727924146395,38.23804609877335
FMUB,51.474998474121094,0.16540004958586893,0.001778060887089955,66.52498802854501
DBO,17.489999771118164,-7.411326965407218,0.016314103710247108,29.79193228195784
SNTH,29.0,-3.5262790578002154,-0.027587084164017894,39.78494100591531
AFIX,24.8799991607666,0.5095562897466003,0.0026739780942237196,61.787791726369825
VIXY,22.6200008392334,3.287676864130671,0.022230132042217132,42.44622411847899
PY,53.93600082397461,0.4207814994494932,0.028536504325613707,50.445039607699776
KAPR,39.625,0.36727573314317824,0.0008014803684051053,63.30856691523968
XMPT,22.170000076293945,0.40760938812894887,0.00010968331227971528,65.38202776326517
LOUP,92.43099975585938,-3.203474894066146,-0.01677308715466186,50.951120001110155
SVXY,55.529998779296875,-1.612331448536698,-0.019986109353175907,55.89480981699537
CPLS,35.279998779296875,0.38411813849722526,0.003008886986751523,60.52777361467648
BDEC,52.290000915527344,-1.7382302629112432,-0.019926793243708607,44.2152350614225
FIXT,37.900001525878906,0.6640105972589705,0.0031364130001254598,66.69366530757586
MLPB,28.589000701904297,1.5667186780776003,0.04323825682659982,46.84336138026105
FICS,41.50899887084961,1.0341076412340173,0.005889207590178858,63.633464436231606
TZA,3.890000104904175,-2.2841626173435303,0.003186505216736718,38.364409023138926
WAGN,14.010000228881836,-4.172364305418181,-0.005993038603092554,32.186997319891034
CLOU,22.139999389648438,1.7931006420617819,0.085810619442662,47.82552100017996
BCHP,35.59000015258789,-3.050936964905824,0.019941000737786485,39.914213928169836
WCPB,25.479999542236328,0.3940125483704155,0.001025850258821806,63.89579547120016
GDMA,42.45000076293945,-2.503445405760596,-0.04646989485477693,51.48044040497165
SBIT,67.45999908447266,10.048939517258457,0.036305142946549296,65.04053775601193
EMNT,98.93000030517578,0.12144798051520073,0.002859275435339592,71.45013423309638
SPRE,21.520000457763672,1.8284702225127938,0.009807489914297807,60.850371921797965
ECOW,26.545000076293945,-1.6997468475667212,0.013784423953646208,43.16713115929066
BNOV,46.77000045776367,-2.154809196102018,-0.028412384718318057,41.90592349999718
CVSB,50.7599983215332,0.10846363966568794,0.0020330620814021927,78.5654148005553
FBOT,37.96500015258789,-3.3502154647082465,-0.005764896495706301,45.04237739101737
NAPR,58.66999816894531,-0.9002938263476685,-0.0041164204283407335,47.55878477052765
BSEP,52.28799819946289,-0.6441573887571423,0.0015588701109149339,52.39307900440739
NJUL,77.28500366210938,0.14253398898836456,0.004161415460491591,67.50727071312265
COM,32.56999969482422,-0.9408612754614042,0.00560962993978481,35.766278163341326
IVAL,34.566001892089844,-1.8847506635656777,0.01034941804444442,42.44522651766109
RKLX,31.469999313354492,-40.00000218190498,0.2738827977974392,36.22689754200914
GLOF,57.95000076293945,-2.0452993367030685,-0.013425878993637397,47.588060961695334
QQMG,49.108001708984375,-4.257970279393927,-0.028163229448450955,47.60448779485983
THIR,33.75,-2.0319325034456845,-0.009436434920541026,48.455681117921074
SPTE,46.0,-6.518606044222985,-0.0780308062029923,46.37930657482196
DSCO,24.920000076293945,0.40290242828077033,8.245760046390882e-05,66.43475665144192
METV,17.68000030517578,-5.251873259646574,-0.004733110500195134,42.02150392416242
BSMW,25.110000610351562,0.1595569047238643,0.00014761691544515343,70.36880223985952
TCV,32.409000396728516,2.5114680732520824,0.044993419482885544,61.38364804417025
AXTX,13.869999885559082,-35.2171883026165,0.14046138176635026,37.50103989965134
AVL,44.68000030517578,-7.512228818555491,0.056807915891911254,41.89027992333097
BUFP,31.7549991607666,-0.5792153105750536,-0.003550390143827728,48.714495778720696
PSDM,51.125,0.24509803921568626,0.004307834017544327,59.80507520464345
DLUX,50.34000015258789,0.0,-0.0003853048168528661,64.18552170303076
JHPI,22.65999984741211,-0.6110475448547849,-0.001858600182513358,45.49307773513909
JHMB,22.0049991607666,0.596895741047959,0.0028875362196782717,63.48699711339426
EFNL,52.2400016784668,-2.7006835264116815,-0.026208955808081358,39.23014132541686
ELFY,44.358001708984375,-0.9644992134688875,-0.02629140884990172,51.71790845313832
HYXF,46.67499923706055,-0.1433429077538116,-0.003053664091342889,55.9571193498107
HIDV,87.30000305175781,-1.0989024286314126,0.03553182023425716,50.21531116050438
SCMC,25.110000610351562,0.0996672385544631,0.0017213383008531438,61.760636540866294
GINN,77.28800201416016,-0.8289015185074056,0.061199918246960916,49.72707634501389
GDXY,10.210000038146973,-6.8869873873416285,0.005069955802473103,38.256984591504775
IONX,43.720001220703125,-25.468800998246323,-0.20903979213454438,38.28737557942259
FTMN,8.920000076293945,0.49571507358688643,0.0017796754914860408,65.44567713220837
UMAR,41.86000061035156,-0.782171194830312,-0.0032762598341075366,47.7799118478807
IG,20.739999771118164,0.4358360980652465,0.0017095119327570144,61.31885932667969
PBD,18.860000610351562,-6.73523639351709,-0.014994321728023313,33.16836898816942
XDEC,42.5,-0.6429024338258179,-0.007380761890287094,48.279721974845394
GUSH,30.940000534057617,2.598744866891149,0.09193955408628063,38.334657267691085
COLO,41.720001220703125,-5.310939808563848,-0.11426393295466841,51.33740623988174
ORCX,23.8700008392334,-35.78153883479004,0.04729255859286274,30.540294150355834
GHYG,45.11000061035156,-0.3754376623858034,0.00043150434944073945,47.65239830445711
IAPR,32.992000579833984,-0.9546706104672037,-0.008636985405490849,50.05647113247443
SRHQ,45.58100128173828,3.2266397057940566,0.06084708182587695,65.63072890604613
APRW,36.96699905395508,-0.26978791160795035,0.0012154610958824003,53.7024516853165
HFGO,28.27400016784668,-5.02519404404931,-0.0031584470871964254,42.239518684776776
TSLT,16.260000228881836,-10.855260784441054,0.027015125702055887,39.478524648277705
IJUL,35.81999969482422,0.0,-0.0017516923249618344,61.66289750173294
ITWO,46.61000061035156,1.0186415841361505,-0.008912009816398392,62.472894562286456
SPWO,33.29999923706055,-4.864921712462905,-0.037178030818570074,48.73846164345136
LOWV,78.35299682617188,-1.201687728966713,0.034516552458085714,41.45653367459529
FEBW,35.349998474121094,-0.501017238291452,3.6845974446239604e-05,50.66348910645452
SGLC,42.939998626708984,-1.378048406527215,0.012757261707378093,49.94350859760498
BCTK,30.608999252319336,-1.8627806084961833,-0.015973695263223564,51.98386453106183
BAUG,52.849998474121094,-1.1040422300703656,-0.01903731545942064,46.770586503443255
PCMM,49.900001525878906,0.15052837288713053,-0.005375247625559826,64.94263095583071
FYEE,28.479999542236328,-0.5169788871805426,-0.009233691925513376,47.066292307086556
IGBH,24.56999969482422,-0.28408967758995346,-0.003895134619298933,46.656600245315474
SVAL,42.02000045776367,3.4465818874750678,0.04733149559375954,69.56319841568742
MSTB,42.111000061035156,-1.6787339231403107,0.002795340246529332,43.1424765521104
TUR,39.20000076293945,-4.2968709982232225,-0.059474697316078115,47.53063882882806
PFIX,42.4900016784668,-2.135147081964776,0.048171603585238865,34.55397445611112
QALT,26.33300018310547,-0.723843310786231,-0.00800023669198241,55.274142763488854
BEEX,26.268999099731445,-2.4327763030845295,-0.0036174809862239005,40.94820052152657
SIXL,39.40999984741211,4.132576857924395,0.04757478887878089,66.84584698154963
OKLL,4.5,-34.306568428465134,-0.03116097016599173,35.71087362837392
TOLZ,60.290000915527344,2.3639286801234665,0.04756113997302709,56.01171731986223
NCIQ,14.779999732971191,-5.4987250094193625,0.003439884495166412,33.466845276968684
MBCE,39.529998779296875,-3.172080733475867,-0.031285182859364935,52.16920784912569
ATFV,39.027000427246094,-6.207642742650863,-0.06395861312574092,46.83198254934308
ADPV,47.56999969482422,-0.5851594320286297,-0.03664745442309547,53.359715649600794
CSHP,99.58100128173828,-0.024097258557686393,-0.0009706858272648528,72.22616356972584
CANC,40.30799865722656,8.383974578257455,0.0661717183947802,69.99873117018461
DIVN,29.388999938964844,0.889120445108266,0.008312692603001104,57.07906090788537
SVIX,22.5,-3.0172445686194136,-0.017364927943863573,54.95447523114353
PSCI,185.0,2.8097628979013485,0.08601011254878044,68.7722529210464
DGP,134.1999969482422,-7.301241287750271,0.29312725545696594,34.98875654628415
HDUS,69.47599792480469,-1.0629179685645376,-0.015613496006708638,42.25093894274347
BSMV,20.975000381469727,-0.1523282146864483,-0.0003854454526171884,56.08313455277279
JIII,50.125,0.18988851293443937,0.0012253768638405133,61.31978137012609
MAMB,24.114999771118164,-0.10194288022375285,0.0009802224158007617,52.44033639154412
TSCV,32.619998931884766,1.4871528414048607,0.00781730858169849,67.9974690015009
USEW,55.08300018310547,-0.6654394493165403,-0.0059322058352129226,55.56801540855164
CTIF,51.624000549316406,-1.4489412199588854,-0.023997993496708336,46.96709584122165
FTMS,9.930000305175781,0.0,-0.0008624410776020518,57.10691399781498
XCOR,87.66300201416016,-3.1380135350248,-0.037283258610605885,45.96712807297264
GSGO,43.165000915527344,-2.6499757172237364,0.022782848487753277,47.55360560963566
QQQY,23.18000030517578,-4.0918307015464315,-0.0188410331386977,46.566711804656194
NZAC,45.04100036621094,-2.261137106425939,-0.0024368667713027814,45.99674662522309
GTOQ,22.32200050354004,-0.11187013198063821,-0.0010483430450956566,57.63838140565585
EDEN,109.2300033569336,2.524875556870963,0.02735163825850767,53.6968610845087
VEGN,78.6050033569336,-2.850044699909016,-0.08505428885503319,54.873084611427096
MSMR,35.380001068115234,-0.4501965202319559,0.021484468170756915,34.988979684163866
ETHO,79.34100341796875,2.163248268549647,0.07162397799209952,65.09985526557848
FMUN,50.4900016784668,0.41766687404215286,0.004519076963766508,62.937144728472624
MINV,55.43000030517578,-5.532071809876774,-0.07881143146222835,53.48153711788425
PTIN,36.42599868774414,-2.358872765437734,-0.016780908750765267,51.28365583615575
CRWG,30.110000610351562,-33.94032601851074,-0.3034941610212365,40.19937891389198
CZA,122.58000183105469,3.0863662063066237,0.08467639988167952,69.505428106399
WAMA,25.65999984741211,-2.0524513151925605,0.000957408667479509,45.69656774715235
GRNB,24.145000457763672,0.3532875881465018,0.0011616307912495558,61.44838711330008
FBL,19.489999771118164,-8.882653916529643,-0.05845530084402273,33.590771952447184
LEXI,40.1510009765625,-0.9986161893059049,-0.008428716254963775,54.15464323813483
EDC,84.45999908447266,-15.531159114860962,-0.27581187783907324,47.23796420652879
EEMX,53.1349983215332,-5.094041858036326,-0.05861632278504114,50.085914738702726
BNDI,47.189998626708984,0.41920838436250935,0.004434968020765491,61.74622085340219
IFLO,33.11600112915039,-1.9888632239928978,0.00010285393427339473,48.38666895456003
EMKT,31.413000106811523,-4.953098844290979,-0.030158551967889136,50.22994032311559
ACVU,31.107999801635742,0.40344705419195936,5.0989538784962374e-05,60.34912597729121
XTWO,48.994998931884766,0.26603345738808043,0.005497685625520894,60.386420095600116
EMMF,37.81999969482422,-5.410038611512088,-0.03831018055302127,46.913616269637565
FRI,32.220001220703125,4.621235313364338,0.03341544651341233,65.83238387566679
LST,46.02000045776367,0.06522891542080737,0.00014762757692815542,51.26026679604638
BBBS,51.08300018310547,0.29056406365792276,0.004764356814710997,62.099748760818365
XTRE,49.119998931884766,0.3944668604253621,0.00818324662584758,60.01183075412385
PBFR,30.399999618530273,-0.5235597192677354,-0.0033485295132567594,49.22052541679553
RSPM,39.25,0.10712052820441671,0.0031600643529376415,53.039734162732685
NIHI,51.029998779296875,-1.3913067066727054,-0.014062209452795793,51.20591681614563
FYT,70.05999755859375,3.9968009012923797,0.0941451471186403,69.38035132763902
CLOB,50.51100158691406,0.16658427347931615,0.0017180860146039367,63.658489125301706
SBIO,63.25,14.770457810736195,0.109526690448984,77.11661968314078
SLX,99.13999938964844,-5.894636140880556,-0.07456245352358715,34.49795769673162
CHGX,32.70800018310547,-1.1275387206575287,-0.00793919857390879,53.95116908301986
DJIA,21.920000076293945,0.2653031098281065,0.000334277680512432,61.57347604715205
NBIL,43.70000076293945,-30.73387120423565,-0.8174635897523013,48.00111848597403
CWEB,18.1299991607666,-10.356232776848312,0.01967107774689625,27.953109579477143
FAAR,31.655000686645508,-2.125576303877756,0.009176471913099227,23.781087840854184
MGMT,50.540000915527344,0.3175860341800805,0.01916614516719206,62.34450168665123
GMMF,100.29000091552734,0.07581887275554362,0.0005683015454166773,99.23393938306518
UOCT,40.84000015258789,-0.4873312828406481,0.0003582839961442791,51.984792685756055
IDVZ,34.3129997253418,-0.2239013250166498,0.007077947277550713,46.80568625881125
HYHG,64.63999938964844,-0.415967119438864,-0.018320498444932554,49.11562808928979
CORN,16.860000610351562,-0.5309743276511976,0.012148821362890028,39.063842478004375
IDNA,33.06999969482422,8.213351677833332,0.06157585023822676,75.54760908169872
XMAG,25.663999557495117,0.03898116918823704,-0.0032355107371642156,60.96912033085206
FLJH,45.2599983215332,-3.414430789539752,-0.052882696974729027,52.75659328921195
BEDY,29.14699935913086,1.3174350483404282,-0.0015509028046474804,61.948236175423766
TAXE,51.2599983215332,0.10134911653070018,7.893824990894138e-05,67.67689833138053
QQXT,97.79000091552734,1.1964721893739658,0.07847966175361348,51.92652445309036
WEEK,100.05999755859375,0.02997452394278024,9.945863363024221e-05,80.48153018900743
UJUN,38.13999938964844,-0.8320325076487359,0.0007174153965146465,42.76714698088928
FTNJ,8.829999923706055,0.28392524320048107,0.00031997426690638653,67.75594724418595
GXIG,25.041000366210938,0.47748766943005927,0.003025265345362717,61.566190221751945
ESUM,30.049999237060547,-0.16611675672921777,-0.0015815764038845104,56.09302841506295
POWA,88.38999938964844,1.6678133281850571,0.060016412445800305,55.84300250900757
SDFI,35.5629997253418,0.26218917800428637,0.0035589460543562317,60.72424456674027
IPO,56.91999816894531,-4.400407635698851,-0.036900019124001426,56.67118478739283
IOCT,36.75,-0.7025083310580174,-0.008354336367435378,52.432623184558366
AFMC,40.70000076293945,1.1327174963757476,0.0047953421622229375,60.135460779645165
GCAL,51.095001220703125,0.24131110872291314,-0.001774967544609471,62.161080018523144
QCML,20.719999313354492,-31.639723924652742,-0.17183560702185008,41.17727989498845
IEUS,68.76000213623047,-2.204516393378584,-0.017078194852688855,39.02357951200608
NSCI,25.229999542236328,0.21847192390303774,0.0015519395735679592,70.87193564713012
CSTK,32.53499984741211,0.15392660209374467,-0.0027533481880988586,56.78934614659632
KNCT,205.25999450683594,-4.481805705222772,-0.21766136666550384,53.09559281366513
TOGA,30.559999465942383,0.7749338733409841,0.03900707365485376,57.04627326698549
XAIX,56.178001403808594,-4.165809574499861,-0.030219375793342662,51.79803728794338
SDOW,24.899999618530273,-1.0371833816570433,0.023640818079849635,40.24744072099053
PATN,36.35499954223633,-4.727589391064997,-0.03674175207244201,51.62188884988619
IQSZ,31.115999221801758,-2.2554573241698637,-0.010769527959232195,48.674585330693986
RDTE,29.440000534057617,1.6907971148216319,-0.002037432947436968,66.0472986958824
AVMU,46.53799819946289,0.15710329632041192,-1.0548690110107062e-05,65.04791164538199
KCSH,25.125,0.059734724348250404,0.00038926701389442944,79.99517950937623
OCIO,37.3120002746582,-1.9060349080363783,-0.013610836494144851,49.75866059321755
NPFI,26.08300018310547,0.20360927799418738,0.0008072869716143141,63.09860763772381
BLST,25.030000686645508,0.03996893964377559,-0.0026436217313586877,52.22672204245901
PLTM,15.640000343322754,-3.9901813116844007,0.03254249781299301,36.088577771053735
SMCX,10.579999923706055,24.764156778667925,0.1600465382182945,41.38899234107525
BUFS,24.989999771118164,0.35338262935610326,-0.0007611793401035016,64.44800635799784
QWLD,150.33399963378906,-0.34338646746987755,0.04069154596496505,49.45166575434668
HAPS,37.34400177001953,4.138318835498257,0.046062568144592864,74.81428234089057
BNDC,22.165000915527344,0.45320815340735965,0.0023444615769072086,61.979511984442944
SECR,25.558000564575195,0.28644281920865056,0.003919531596072244,60.638963680458644
SDG,88.23999786376953,-1.5837672767572537,0.017765630385004227,43.989922189398136
UAUG,41.89899826049805,-0.16917550188217176,0.002178435952660235,58.663595813115556
ETHW,11.25,-7.8624081502678305,-0.0035166019727519426,32.54360711218102
NJUN,32.189998626708984,-2.128308835298326,-0.012255916089753186,43.16225500118311
MSTZ,18.579999923706055,75.44853310663682,0.19112578577523132,81.63288588248349
LPRE,30.434999465942383,3.748634848313337,0.03458243667601002,68.01357225301632
BLTD,25.395000457763672,0.5445931930532878,0.0012033473292343833,63.53556645995101
GLRY,41.97999954223633,-2.521612594802844,-0.05125482625314581,51.466362464567304
FINX,24.899999618530273,-0.2803351892235792,0.04456747559590196,52.06068314699671
GIND,24.389999389648438,0.6603378061696078,-0.009871548866227944,58.85220893068435
GOAU,38.470001220703125,-4.7064596518505155,0.03298988839520345,43.569435363978364
CTAP,25.510000228881836,-7.379732937919721,-0.00773044718927407,22.646063416092588
IVVM,36.66999816894531,-0.6663836678547381,-0.0006172713492452325,51.20056272120327
BSMC,39.11000061035156,3.0620815109529795,0.04931335575996279,62.30770062334807
MVFG,34.40999984741211,-1.6323122893756734,-0.014944561829876468,47.23737868859521
BBBI,51.61000061035156,0.5259066165975887,0.008791964780756112,60.95301777127486
DIM,84.51000213623047,-1.531778948349075,-0.03951926713484917,45.92657584554037
GLDI,141.83799743652344,-3.143253450656955,0.11662626412475774,36.698698015071095
LDSF,18.92099952697754,0.23797297267256654,0.0014308616268829018,61.47132318878564
FBCV,39.52199935913086,0.7571724577776939,0.013211133751946075,61.15818253578422
PSH,50.060001373291016,0.029979428303812276,-0.0013172520374364755,59.820914507798406
SHDG,32.63999938964844,-0.07041242715689008,-0.0017158786052514363,60.957236004989475
SPBU,29.780000686645508,-1.683724706064298,0.002502991247412739,46.29714854163769
MVV,89.81999969482422,0.8162400225389357,-0.015387667577737574,58.169147289246055
MMTM,303.69000244140625,-3.0388673161262876,-0.1168327238232576,35.58415772469982
DFE,71.19000244140625,-2.50323125324562,-0.026237573685910787,35.23039291049939
YDEC,27.39299964904785,-0.7679764416011364,-0.005240993908139355,51.75339057035719
EALT,35.80500030517578,0.13983844376146318,0.0014901102529266685,72.7243480438476
GKAT,43.60100173950195,-0.6765617530749469,0.04357785459383015,48.53666342870102
BMNU,0.6899999976158142,-31.00000023841858,-0.001299809092195514,30.412119612582217
YLDE,55.57600021362305,0.07202700236406001,0.012234598694339668,54.093111199070876
DXIV,70.62999725341797,-0.3321216511147591,0.0457871478066231,50.13363866111309
EMXF,57.39400100708008,-0.7178763071717947,-0.05887149701044403,53.28821671191386
SWAN,33.400001525878906,-0.8607809814517839,0.006666106425099461,49.67721830246711
TALV,27.459999084472656,-0.9057823753170052,-0.010676332374379677,50.98374399392972
FEMR,41.70500183105469,-4.630683129154415,-0.053298779225813386,50.51022783353662
QBUF,30.764999389648438,0.1301839143436899,0.0014612420661563458,71.48350444657301
EWK,26.940000534057617,1.202102497129125,0.012321321699944904,57.55227517103219
XJR,52.400001525878906,3.1536697893595944,0.04331719381939081,70.7878642989424
RAFE,47.81999969482422,0.7267008568545552,0.01353723039503163,62.765082590085356
CURE,106.37000274658203,11.051691686652653,0.4416855715428052,63.77646992529287
EGGY,41.119998931884766,-7.220218377648491,-0.2278947942946179,50.36357559546556
IMOM,42.566001892089844,-3.7055396044102538,-0.04606913186758366,40.01965480219068
RNIN,32.40800094604492,2.4240706053536574,0.04720291131944404,58.578184751230665
TSEC,25.915000915527344,0.28637170926813055,0.0022827771175794043,72.42606368930882
VTP,76.83999633789062,0.3041420140736516,0.023573156093768706,54.99548549792077
ZFEB,25.90999984741211,-0.19260107405185814,-0.0009158483647044129,48.54588700294306
PRCS,28.075000762939453,-0.2309830423553411,0.010725255584554602,56.186977275882846
TOS,30.200000762939453,-0.5597631596846425,-0.014807548180263197,54.44230143476217
TAXS,50.38999938964844,0.09932307689509712,0.001490853190065998,68.38351301092221
RFDI,86.40499877929688,-0.8144837276660679,-0.02373319164840354,51.88920748520519
TMV,35.939998626708984,-2.0025627260965044,0.0038260572122347236,36.66806764157388
KBA,33.63999938964844,-2.8026616688732613,-0.05330220588061668,47.9833503412663
FID,21.5,-0.2759086464321864,0.014071413946681627,46.421271633389374
TRUT,30.020000457763672,-5.846193309934753,-0.024560353009010938,43.57246024635195
YMAR,28.500999450683594,-0.6795361744870445,-0.005739489060821029,51.613673769730966
NUSB,25.2549991607666,0.07924925671226465,0.00019709156083422275,88.32819821755477
VEGI,43.720001220703125,1.438521504714913,0.0259644579159648,50.41733239190719
EJAN,35.77399826049805,-1.048326884937174,-0.0023227954252599547,50.27117512371736
QYLG,29.31999969482422,-3.5589787422415546,-0.02122440426732447,48.27030237102758
BLES,47.20000076293945,-1.701475638115927,-0.027489937088604838,45.07511312753637
QLV,74.99099731445312,0.813319327067437,0.06538696240855392,51.94606133295836
FEBT,40.470001220703125,-1.4129062780439496,-0.013883589195869711,44.32793170530245
PPI,21.13800048828125,-0.8838920226128968,-0.008122753480118913,45.31569772952863
TFPN,31.52400016784668,-2.7787173181612888,-0.01998852381894345,48.10964279392567
BKHY,47.52000045776367,-0.02945247369882061,-6.37273343788991e-05,55.19477287161858
STXE,52.02000045776367,-5.176813928164648,-0.06496133007321747,53.6630949824359
UAPR,34.84000015258789,-0.499783635901711,-0.001169781130558864,48.62044322869191
MBBA,49.89500045776367,0.3822525293425843,0.00414213624494271,61.669411082500076
COHX,52.369998931884766,-7.309736403743777,-0.3566822425423437,47.560641937787665
IBIE,26.315000534057617,-0.015197044135057007,0.00366221745266428,43.40824680561086
MTRA,26.868999481201172,-2.0630581219578272,-0.015025218666296636,53.28308193626076
PSCH,52.54999923706055,8.261224239595048,0.09342217964012067,86.34331544956774
XMAR,42.459999084472656,-0.3754102567384409,-0.0035019376993566526,51.19240742404491
XPAY,52.29999923706055,-2.188146543728829,-0.01456956309974608,44.74266843334876
MKOR,65.26000213623047,-7.9937940850841525,-0.043058237150793266,51.20590173834504
SCDV,27.554000854492188,1.2307615765145041,-0.009847899669345933,63.371420238238535
VSMV,59.19200134277344,-0.27461578758315547,0.024306820551363295,46.50186248248431
SEPU,30.18000030517578,-2.9862707559591235,-0.024679722389768857,39.97293536098669
SEPI,27.670000076293945,-1.2491091211697316,-0.004016894938474236,48.72581510405539
TURF,31.1200008392334,-3.311998873582244,0.013554668716539764,27.339405792842385
STOX,30.336000442504883,-1.9616725443141252,0.0002786951838812668,46.2635622324706
OOSP,10.154999732971191,0.09856357571543901,-0.0011946261220802876,58.810771317403365
ACVF,53.500999450683594,-0.9059654329494222,0.0018709905005974137,51.59253997585876
HFGM,30.195999145507812,-4.533670734451053,0.013244276990899584,31.593955576153434
UCRD,21.594999313354492,0.44652663651910257,0.0014530778599302005,61.89971898131412
TABD,25.030000686645508,-0.05988975684865339,-0.0020558155613604745,54.54846659791547
KNRG,25.69499969482422,-0.054062407470894996,-0.0006447892953758277,60.392250079606455
USEP,41.04999923706055,-0.5210230359092763,-0.004765559971792704,51.363918287858056
EDGU,31.329999923706055,-1.7868329205029638,-0.007692243878892752,50.113370822075474
BRIF,36.119998931884766,-0.9053547987582402,-0.009754378500811733,56.33828471343329
EDGH,31.860000610351562,-2.029519797422217,0.021633957778723345,28.458687866598652
GQQQ,35.040000915527344,-3.9868421946608867,-0.03585592433608126,47.74051294360655
SWP,28.530000686645508,-0.48484403338661725,0.014098959347010429,47.98018405506591
DFMC,60.709999084472656,3.1605788590962933,0.04213061683013819,73.22308471452365
ZJUN,27.290000915527344,-0.2922905416626045,0.0012573159984781493,45.03443402685238
TAIL,10.829999923706055,1.5947474552283003,0.003988436147962862,59.18122567122197
FRTY,23.65999984741211,-2.0695364369116804,-0.019453027414140844,56.39289073879895
MBS,8.6850004196167,0.6956570390341938,0.0016452771524987034,67.06143011131508
HTUS,43.23500061035156,-1.7386349764737217,0.0035070904563885563,48.06805029250368
DGRE,39.87699890136719,-5.1736543632842675,-0.03475456107397634,50.73488481826821
FRNW,23.520000457763672,-5.428228129932542,-0.02286268738585054,36.866463385756646
SIXJ,36.22999954223633,-0.4287419278677745,-0.004796219749934327,55.296358760132364
GDMN,74.77999877929688,-9.35757723721591,0.10786033041277854,38.71592585199621
ISRA,62.4900016784668,-2.6635441605300745,0.0678749783969016,37.1787097565831
IBHJ,26.40999984741211,0.03787965540278544,-0.001620612259337982,57.13675719155847
JA,50.22999954223633,0.019909042792060568,-0.0003113531922321472,73.91867104875288
MFEM,27.530000686645508,-6.775928486601443,-0.034142263503063014,41.26355900627661
SPYT,17.219999313354492,-1.7123352543991492,-0.000650903222833378,45.735979041857036
COPJ,38.797000885009766,-8.71293909409467,0.009718352710449185,40.8905009041468
VTG,75.56800079345703,0.46932722562478574,0.008683323154174694,63.55633095417535
IPAY,45.7599983215332,3.063055740801296,0.09123260373075298,56.81066058264379
BUFT,25.790000915527344,-0.5590844549869758,0.0005963983560569527,46.831116386989144
STXG,53.7869987487793,-2.9816015852737268,0.00036909629054179827,44.74044270641497
PRSD,25.084999084472656,0.27581681615671244,0.0032691643516205605,63.24146363030521
CGVV,30.6299991607666,-0.7131319869780952,-0.013518516149346127,55.207390450617694
TRTY,30.139999389648438,-1.478129814985474,0.0008519989667763461,38.78236943074756
CRDU,75.83499908447266,-23.71492174748048,-1.7670492614270348,48.5993106403769
GSEE,69.2760009765625,-4.956850780539952,-0.07838939147739932,49.396579364781054
TOPW,32.560001373291016,-7.119850023428398,0.008497892950460217,30.26383050308256
CRAK,45.48500061035156,0.45274257195523454,0.05469935307268603,37.036391912783444
UTHY,41.2599983215332,1.2018588625652635,0.007461366377228468,64.9509744528253
AAPU,33.47999954223633,-10.3384580870256,-0.012056442630738351,39.123558040902246
KOCT,37.16400146484375,0.3483235262944246,-0.000545589235827898,64.009318945172
CPAG,103.03600311279297,0.4504120210829956,0.011716896503475821,61.470966884349735
DHDG,35.915000915527344,-1.427200324314692,-0.0186267645884369,42.20650791712534
EFFI,25.14900016784668,-1.007677669276342,-0.0022415452592249863,48.36865449136654
DUNK,24.716999053955078,0.9681352783926536,0.06585109655381657,54.76499872688625
RVNU,25.329999923706055,0.476004932928813,0.00390673178223265,68.11881511159984
PSQA,20.399999618530273,-0.5427641076775995,-0.0019780250880706944,47.21502642344677
SMCO,30.665000915527344,1.5531917581515218,0.012949553205607867,61.302218775921986
NHYM,25.065000534057617,0.05988541897788344,0.000320314733629784,59.59338317868192
XHE,86.30999755859375,4.82147364254404,0.19617185496012357,65.32878122063534
ETHT,7.480000019073486,-15.57561728079456,0.0011332134689556739,30.59987242556727
DABS,50.685001373291016,0.3961587808685586,0.006729201265885873,64.38796926453004
ABEQ,37.65599822998047,1.2762520674524276,0.012853067189842603,62.2668676685143
EFFE,26.940000534057617,-6.617214929933088,-0.029145713328735057,44.59842963196635
ELD,28.56999969482422,-0.9465845605202629,-0.0010863960321709012,49.9007502169776
PFDE,27.341999053955078,-2.447555398038918,-0.01096343736725544,48.265354853119455
GLWG,35.22999954223633,27.32200739102763,0.15514112620541576,60.03787563674382
UMAY,37.680999755859375,-0.7349824429458548,0.002186130950782489,47.50380739632622
MBOX,40.04499816894531,-0.057408964900177904,0.005477613138927584,55.604370819044384
EWO,41.58000183105469,-3.3697350438685763,-0.0915095951270316,55.65585250833368
NCLO,25.049999237060547,0.03194401495290657,-0.0070699821373348265,52.8116879269625
KOLD,21.780000686645508,-1.8918921705403313,-0.031047277612554103,43.599560830937676
SMOG,140.39999389648438,-5.006771990851747,-0.16507883841349646,38.18895767858672
HIDE,24.076000213623047,0.6900628178282979,0.0136547366451652,45.53176402440499
ENDW,33.40999984741211,-1.3115148666033476,0.0016176010097542909,43.675485011845666
UJUL,40.659000396728516,0.20702312312902382,0.00012917380223562147,69.03786161492164
SIHY,45.61000061035156,-0.21876717594392267,-0.003042110225618483,59.534572345535416
RBIL,49.8650016784668,-0.06412746472740974,0.0028288517727169185,42.62597575576703
DEW,69.04000091552734,1.9176606945218593,0.04098050737041503,60.17411737650845
BSMY,24.621000289916992,0.09757355664337661,0.000313336915924986,62.55411963744216
NBJP,36.99100112915039,-3.897014772276227,-0.04688501496939035,53.22265579175331
BITI,28.530000686645508,5.005523027356096,0.0039670228846939715,66.10196917397717
PJFG,112.2249984741211,-3.6165778997200735,0.06403102300121188,44.07814448515607
IDRV,36.89899826049805,-8.620610984495118,-0.0331680068619975,30.96540162202797
GBUG,39.63600158691406,-4.846950549873219,0.04458719067698591,44.2513377737399
CRWL,54.26300048828125,3.892400849823701,0.297707745328454,57.829393895443225
MSSS,35.41299819946289,1.957782100654494,0.03484909871200259,68.52545396920581
GEW,54.32400131225586,-1.2272936422822625,-0.004825163485580264,48.80925942608072
SPFF,9.3100004196167,-3.0208328159319233,-0.006918756469570436,38.95830531646874
DEFR,26.749000549316406,0.25486598732904564,0.004309647243147717,58.05360264060031
LGDX,24.38599967956543,-2.3505381941739447,-0.002254085865000713,44.22142086619769
KRBN,33.459999084472656,0.5106583486635496,-0.007292287155730326,57.99512258479937
FITE,105.45899963378906,-1.2888903742628117,0.20944928612857994,48.24958178487411
RINT,31.485000610351562,-1.9311600707831018,-0.012948654688431871,49.049841570726436
BTCW,63.029998779296875,-5.28926237572571,-0.0016405524617231215,32.48954318655011
CNXT,60.41999816894531,-0.19822058930833752,-0.08553785304464667,58.198305689702195
ONOF,39.189998626708984,-2.344825396638302,-0.006792343401082118,45.053044631086536
IBIG,26.301000595092773,0.19428798130580355,0.006703356628388377,48.745277225081146
AIFD,51.89099884033203,-5.994568617522631,-0.05329369159341879,48.067242090188195
QVMT,67.24600219726562,-1.6928792800324877,-0.0808317833004204,52.57083011467077
PZT,22.610000610351562,0.22163628365622848,-0.002047682145389265,60.66506388603877
FSYD,48.779998779296875,-0.28618028390955647,-0.005252548238810467,51.65272734100715
BEX,42.56999969482422,-44.41107511496396,-2.0422026751798805,41.104017001511025
FTHF,49.020999908447266,-5.800079403034615,-0.08487238757957472,52.29913656724873
RVER,34.349998474121094,-2.412008314108484,0.0158265936874199,52.01006733422342
HOOW,28.399999618530273,-10.85441177826475,-0.07923572922948985,56.328433864813384
DMAX,27.25,-0.18314739361850035,0.0001930232593380654,51.991244177320844
FAB,102.33999633789062,3.3850711827359463,0.10254120072732631,67.81502885349474
FPA,52.880001068115234,-7.98056397736146,-0.06586069362849079,46.666555966902976
ERTH,46.66999816894531,-3.053596259536347,-0.00412818018486949,36.21177698461867
PHEQ,34.33000183105469,-0.15413893495354697,0.008606822169092823,56.40552930267539
UDIV,58.96500015258789,-2.236750388480203,-0.007535068056481187,46.85362796227656
XJUN,43.900001525878906,-1.048123825077156,-0.008792491565597346,25.72983755410158
TJUL,30.139999389648438,-0.251523082542066,-0.0009426718392981093,49.39544089615451
SIXS,58.459999084472656,5.390630490908448,0.08074085181092211,76.02322244914603
BCUS,36.709999084472656,-1.402018105263805,-0.03996654145925849,56.00866917478753
BUFY,23.270999908447266,-0.9069977459270869,-0.004386129737074584,50.192796866570006
KEMX,51.448001861572266,-4.972289542712631,-0.062161024458298186,52.09649952105725
JEDI,25.649999618530273,-16.99029147188614,-0.05374404630209528,33.62838958406118
FEUZ,65.55500030517578,-2.117002445017299,-0.039284057290915275,42.70070279001949
EJUL,31.19499969482422,0.12838712019626558,-0.0009665183407163574,63.81622764797082
NBIG,30.290000915527344,-30.63887752331709,-0.5803961659092072,47.71904145190329
BUFI,42.1349983215332,-0.8004712532127432,-0.01213055646784042,50.85778895980235
BAMG,43.84000015258789,-1.8800361388775193,-0.01613726966388529,53.73165681744667
MAXJ,29.100000381469727,0.12041922163771324,0.0004288271128913071,73.67859421317232
IZRL,29.150999069213867,-2.177852967994561,0.03441546803699436,41.775755300127074
JABS,50.064998626708984,0.3809496274866854,0.005197226153490275,64.44980874333135
NFXL,15.4399995803833,-15.747322728918608,-0.010580998205700798,18.780151083985302
NBDS,40.31999969482422,-4.284867193295623,-0.05286299296609065,51.99040690485457
BFRZ,26.65999984741211,-1.4854793554286558,-0.003407330260412976,41.72448621496561
XSEP,44.13999938964844,-0.376915205013184,-0.005465602419223448,52.72701915795679
XBAP,41.67399978637695,-0.18203643981568116,0.005430409818169335,54.16805694784421
RZG,71.41000366210938,3.2324282890002234,0.030811919401532828,78.38418984748247
DRIP,5.309999942779541,-2.7796543226776818,-0.012662805875026328,59.886302402978146
NFTY,54.09000015258789,0.24092118295206388,-0.019947104093833545,55.92802430709097
AUGW,33.92599868774414,-0.07069830531937331,0.0009608173934497755,59.420268293411745
JPXN,98.62000274658203,-3.057112462131453,-0.06168365515736607,50.53890020892979
BKCI,53.119998931884766,-0.7139919579203988,0.011160321831037295,51.724270643816446
JHCP,25.149999618530273,0.377810560775773,0.0014324839797136626,61.56669114929919
CWS,68.08300018310547,1.2989155044260365,0.008163686312556678,52.10392424074041
GHYB,44.80500030517578,-0.0602257914101242,-0.001473791036122593,57.11620126624315
OAEM,49.209999084472656,-4.337012743836648,-0.03821695727151608,52.43225019012955
KJUL,33.88999938964844,0.059050659564218975,-0.000811892884891155,70.5722757224305
TLG,25.579999923706055,-5.434378391184876,-0.007389188075967362,38.20522720116488
SMDX,26.922000885009766,1.5426409278319664,0.009629431647375009,64.1167208155191
GPTY,44.36000061035156,-5.618038810635683,-0.016108421221209812,47.32755391259114
LDRT,25.1200008392334,0.31948850152176556,0.002284172580697649,59.97200561381636
FIAX,17.565000534057617,0.2568497438252311,0.0026095760933911444,60.78194435709455
PSTP,36.448001861572266,-0.7812678481307102,-0.000813139253702938,48.41450229085389
SPYA,29.493000030517578,-1.9873037806590246,0.00041106503838575503,45.52426478475477
ECML,38.93299865722656,1.8495183528284453,0.030439113928411587,59.06337709825986
IROC,51.145999908447266,0.44975173787979345,0.003153703848931211,70.50010982610786
TPZ,22.25,3.0151338200587694,0.012194263770403654,61.434754977716445
QMMY,26.1299991607666,-0.1871793885410164,-0.0007519720876111094,48.651080571796726
CRTC,38.0,-1.5339942694531328,0.016349887610255548,45.16964349577825
YJUN,26.690000534057617,-1.1481461701569733,-0.002984755822325061,45.56034454651703
ESG,174.36500549316406,-0.5231525197303,0.04261558411746136,54.95698510592644
AHLT,28.43000030517578,-2.6036321170844134,-0.012117594754183392,40.792330132131404
SMCL,13.470000267028809,-3.3715877152240834,0.15144202648563,40.500009689893396
BUL,59.58000183105469,1.5700939806289935,0.07385843525604657,56.60388141093946
BNDP,74.50499725341797,0.4002224417578574,0.005583995813614073,62.02913047471861
CGV,15.63700008392334,-2.3541891874508987,0.0007249202315270237,39.70940722987206
LEGR,63.611000061035156,-2.378053663834588,-0.025284345038227074,44.78538936377535
IMVP,20.049999237060547,-1.884023679684893,-0.01699623842578829,46.35405037812656
NEMD,52.96500015258789,-0.4745082201881002,0.001381178411225814,54.948662845800094
EPHE,24.40999984741211,-4.274510402305454,-0.028022907403029068,48.46454992033161
RSBT,18.90999984741211,-1.4077187354935101,-0.0011486747787028684,42.27076927492039
DWUS,60.88800048828125,-3.968202111813156,-0.09443083339160552,50.180965085671545
BSSX,25.76300048828125,0.14382592073908387,0.000494371779823477,62.56007461338276
ZJUL,29.899999618530273,0.1507287790451412,-0.0008587636766359749,74.45940345149702
LGRO,42.632999420166016,-0.8627155225369528,0.047128255799008895,50.66846701049296
PTH,58.119998931884766,9.701773186220517,0.09219908649977049,75.00275965700291
ACYS,20.43000030517578,-0.2928231655080617,0.0017666728595106332,54.38844369487993
ZSEP,27.5,0.018182071700351136,0.0006414600655347963,59.75792323309173
SIXO,35.599998474121094,-0.5086440490586551,-0.0060486134012587844,50.214567794429186
DSMC,40.630001068115234,2.969960382675186,0.07339434765444974,60.45772488438605
MOOD,43.222999572753906,-2.3164922718070016,-0.00860257860132757,46.64630612862793
IYLD,22.1200008392334,-0.4948209863609555,-0.0010923544556328893,49.58928759838656
INCE,66.85900115966797,-0.41259595552095824,0.006591531297185704,47.736108751587444
HGRO,30.719999313354492,-1.4753078490025875,0.0014908418416235136,48.307449685611125
BATT,15.010000228881836,-9.4146016576552,-0.034296103418495205,34.548859344566736
ACES,34.540000915527344,-6.497016243650735,0.009075635819485117,36.873824753097495
HOOY,30.190000534057617,-6.786244302321473,-0.0376038937786527,57.04616594799962
MSTX,6.760000228881836,-48.31804076214035,-0.036649121381344685,25.490707069962895
SSPY,96.68699645996094,1.3766811742007212,0.03744995077180935,60.35989486967698
AIVC,109.7699966430664,-7.061217444913136,-0.24126838398954975,49.29088478196915
XHS,130.9600067138672,7.337226445523787,0.24833856279040756,85.53231157868119
KQQQ,29.341999053955078,-4.0178985891365615,-0.005006594511153872,46.0597489729673
UNHG,24.239999771118164,12.90172587961245,0.10325146353847481,70.50028896677327
GBF,104.04000091552734,0.5606049064248779,0.014080379261027787,60.47099063044884
PGRO,45.9900016784668,-3.372201914217363,0.012816536629101927,42.85710084950363
DECT,38.83700180053711,-1.0320543634694284,0.001476681836705629,49.379939323218686
SFEB,26.1299991607666,0.3725971313207984,-1.4946445364288907e-05,63.1075327585577
YANG,40.720001220703125,16.926944812737315,0.09197946143247226,79.64457575603886
SEPZ,44.220001220703125,-2.8324016834660375,-0.030235085717084692,40.617886100809095
CHPS,96.75,-7.465855401972686,-0.3492680256912104,53.708204020656694
FSML,30.280000686645508,1.2139922496781326,-0.0005110862060541121,65.0002083649052
AMUU,245.61000061035156,6.622657810843263,0.1405067322440985,56.20061203521047
VUSI,50.21500015258789,0.019914990874512005,0.001134776418075128,55.08216792404496
AOHY,11.0600004196167,-0.0903276918082906,-6.752953810570256e-05,55.050380612623364
KCCA,16.985000610351562,0.8490770955298368,-0.007824102293518709,70.27533864525033
LINT,218.72500610351562,-8.840354454143418,-1.7010423906828631,54.453321724708964
QCAP,24.68000030517578,-0.8755739646076449,-0.00015838781057501972,48.331840999811334
BRHY,51.013999938964844,-0.09987014416067432,-0.0003569790944754278,52.727538461221094
STXT,19.514999389648438,-0.5351755611294031,-0.0032871534447734344,33.72235991800808
FTRI,15.949999809265137,-3.798066204339306,0.007811824490280256,35.19695842967431
COMB,24.209999084472656,-2.4576978962605205,0.025819601755336152,28.027629318985603
LVDS,57.547000885009766,1.165309534066639,0.01052205108392601,64.56703403089196
IVVB,34.2599983215332,-0.4908726038064316,-0.006308778245845914,47.16003690221755
GTOS,24.944000244140625,0.19280340564699616,0.0016353983595331426,61.90014392920544
YBTC,16.731000900268555,-4.7058469503330675,0.0009259269621118005,32.67103898780171
DXJJF,54.877498626708984,10.149333750680308,0.17235065389420168,70.75169596836683
FNGG,212.61199951171875,-11.729188662456231,0.20497109610365571,42.50543474972525
HIMZ,47.2400016784668,-9.640392537319531,-0.06692693034558506,61.66993042425792
PXJ,39.13999938964844,-3.118817051091825,-0.03268140055805868,33.319468709258274
IBUY,69.58300018310547,1.2381392900596204,0.03702010026745062,59.241872068388545
TSMY,16.549999237060547,-5.0113418675673165,-0.024967450615610565,52.47950199212707
AVEE,67.90599822998047,-5.278287184490652,-0.07475413689421825,41.90919733079505
AIEQ,48.58599853515625,-2.109485417446616,-0.0036887037091901387,45.89238494217813
GXPT,31.31999969482422,-5.7194504998837905,-0.02926055321194615,44.02701624272393
MAGY,41.47999954223633,-5.205500064162649,0.008404534149726417,34.84872815125625
TSLQ,21.329999923706055,10.575422039180044,0.04314075096661962,59.085868406641275
LFSC,44.97100067138672,8.316872165197573,0.05469489429239571,78.56717849612008
BLDX,26.110000610351562,1.295777549406366,0.011342016834783974,51.64137314888774
TRIO,64.1989974975586,-0.6284433685915539,-0.001474457471973445,50.71312745743805
FCVT,52.303001403808594,-3.8437753217230775,-0.08008928423660422,48.471966609325065
CVY,28.90999984741211,1.3496940719737431,0.011301707193827754,60.9853467371599
YNOT,31.604999542236328,-5.591903639499328,-0.02205791014480246,43.69808342282108
NBSM,28.5,3.2608681380110456,0.02736167881405821,70.48212435984237
YSEP,27.3799991607666,-0.7611489331637113,-0.005584076568074373,52.4513341836763
LSAF,51.529998779296875,0.2529129368848708,-0.005064413925158218,61.667510682057646
FLEE,37.880001068115234,-1.2485623632287197,-0.020098125264895822,48.523739609398824
TAXI,51.36000061035156,0.06819259014484404,0.0006550943247771723,63.32099035773247
VYLD,29.3439998626709,-0.4038946605954504,-0.0021677403889311386,59.23611873245428
UPGD,81.63999938964844,1.1272092095567683,0.05459129679024044,57.92703493903643
PAYM,24.6299991607666,-2.9168374221037565,-0.010831705013457232,40.73603304950615
OPER,100.30500030517578,0.049875869660061016,0.00012376060029598013,90.8180810012632
FMCX,36.573001861572266,-1.384195621378561,0.0070018824563092,53.047122776754904
ARMG,35.099998474121094,-43.83101691255663,-0.5548316585519384,45.68251178026838
GSEU,48.09700012207031,-0.1762702717938113,0.011332259936891353,54.56811428363708
CHAU,23.959999084472656,-2.7317698434680184,-0.058736613545915584,50.16760187582295
PFRL,49.59000015258789,-0.050391061237748704,-0.005803110822030319,61.87969191961334
IQHI,25.959999084472656,-0.09621522144181313,0.0007695239375838867,55.833035894532095
SMCY,5.230000019073486,1.3126270090522816,0.012735834030671328,43.63507373652164
INDS,40.91999816894531,2.7882360144780263,0.030082113490453533,60.77069225222187
ZJAN,27.93400001525879,-0.20007058348445955,-0.0001726182507528276,52.41691703944804
AGZD,22.59000015258789,0.06673838712776282,0.002081357833676162,53.80713096939912
PFIG,23.959999084472656,0.49491703049781705,0.003486975636575044,60.894960908875824
IBID,26.219999313354492,-0.05718047130958037,0.0007425671408124168,39.48755558570123
APLY,11.369999885559082,-4.881695586232537,-0.003475919843731079,37.391021194885546
PFFR,17.479999542236328,-1.1144453415731541,-0.0020287246907738955,47.63010161477248
ICAP,28.270000457763672,-1.9424192418464485,-0.007400267551613743,48.170734857667654
KRMA,46.57600021362305,-1.5743516521998215,0.018417800222177927,45.242129493738716
IQM,115.19200134277344,-7.304312463033023,-0.35115024228566805,48.370093982350944
ZMAR,28.1299991607666,-0.2305392259661893,0.00041490130380072987,48.772521502729276
ITEQ,63.641998291015625,-3.1029263165206706,0.028710466248125177,44.57810378234065
MJ,24.43000030517578,-3.0170711106349257,0.06338613054570252,42.912626646660314
GLL,26.260000228881836,7.008961895621554,-0.04518627819145338,63.50528897278476
ZDEK,26.309999465942383,-0.35978495827562107,-0.00199049441591969,48.00836497086059
BKCG,36.3380012512207,-3.3615230545090213,0.008046207389338395,39.923402485017554
OVLH,41.25,-1.5254600011838684,0.0032902292184795456,45.06473968288208
SNOV,26.97599983215332,0.2937148191426128,-0.00038661556467123326,64.02013750871222
CPSL,27.889999389648438,-0.18252959851338624,0.0010338487764978768,53.24921738343973
CHIQ,15.819999694824219,-6.224072864105996,0.005007279163701028,20.667713328455875
IMAR,30.277000427246094,-0.8611672573576564,-0.004530484989472824,50.530124118969276
KEAT,31.881999969482422,-0.6419885119221768,0.019617508243173043,33.02121097473274
CGHY,25.385000228881836,-0.11804322472866345,-0.0011370157437342668,55.002555431978735
UDN,17.81999969482422,-0.5580378406471957,0.004306684171065583,31.027197653701577
USAI,46.11199951171875,3.7497855351424967,0.05682337991466552,54.09601065641796
VETZ,19.8799991607666,0.22687208656930324,0.0010716125152365405,62.00518562406392
CEPI,33.56999969482422,-3.508091344452198,-0.019466784452743968,50.62793474699965
AMDW,103.01000213623047,-3.85476691893373,-0.18570297581398965,55.25864063906077
MVFD,29.979999542236328,0.7194016872481118,0.012936333928151925,47.04796212186012
IBMT,25.770000457763672,0.15546411286048184,0.0002990901019572917,58.71612497669289
LCLG,73.3280029296875,-2.032086084776805,-0.03842390030598675,53.22391651265333
VABS,24.209999084472656,0.306593494736734,0.0026559667512337307,70.42791030779816
SPVM,75.12000274658203,3.402708997860665,0.059142041874723494,67.28228256274188
AMID,35.737998962402344,-0.2762587079293051,-0.024793922788945877,53.39066641674928
KDEF,38.95000076293945,-19.324768542368425,-0.2091170768305246,30.756746527091224
ACII,25.520000457763672,-1.732764218285591,-0.013451577615104085,43.3225551976926
ACSI,73.39900207519531,-0.5689567286962137,-0.002244001201846313,53.5681057948165
TOXR,10.069999694824219,-12.510864512793404,-0.03038158631459742,32.86444168278712
AVOS,26.639999389648438,-1.69742061013337,-0.0009611417532481709,48.231149777010344
FLCC,34.555999755859375,-1.2290639239284862,0.009665157488004367,48.05345092095356
RWM,13.369999885559082,-2.8161927757213037,-0.0023288649912965864,38.0660597336608
TMFM,21.604999542236328,3.175735392638272,0.04628052586005084,58.39579150758483
FEUS,79.21700286865234,-1.7719425495625392,0.00961810006250341,45.67945387395388
ROAM,35.319000244140625,-4.948649978538497,-0.05525354767816715,46.91960975535121
ROBN,29.31999969482422,-17.871151069381437,-0.13538589573210347,55.048401644883995
EINC,121.36000061035156,4.0377188365726155,0.14894762716282214,57.332754326712255
MSFL,14.640000343322754,-4.500975758755856,0.10404016942498617,38.61340999726251
FVC,42.67900085449219,3.057017627489034,0.04930576993527325,60.06340375141052
FRGN,31.184999465942383,-2.9411813593453013,-0.01941154464380651,49.42080523189674
DDFD,19.878999710083008,-0.25589861671767605,0.001181247387555713,53.85605818003634
SPYC,44.606998443603516,-2.5568636352727534,-0.012309690447396743,46.26017709370099
TLCI,26.552000045776367,0.48060856152345366,0.010026840892374322,58.6290091678389
AFSM,40.39699935913086,2.630284635439103,0.021500932625128644,68.19563568469138
KNOV,31.56999969482422,0.3624120126584988,-0.0024066844370023155,64.04334215757981
JHCB,21.28499984741211,0.38059184005553937,0.0011487919019475198,62.56371996028032
ESGG,230.02699279785156,-1.0330085191428455,0.008212970392484031,53.98647806601005
WDTRF,69.90499877929688,-1.026473881231829,-0.028748469157788836,58.12781054794471
ZNOV,27.329999923706055,-0.41539250626886914,-0.0019602990364125245,49.02585428228082
HYGW,29.06999969482422,0.12399014122683363,-0.000931881440679655,64.16530986904066
JUNT,37.11000061035156,-1.7318062961293612,-0.013683346926037905,39.04823687212426
GIAX,16.8700008392334,-5.468354798368044,-0.014166527738661505,47.49262032097196
NVDW,34.22999954223633,-10.51449045343456,-0.06173939346052004,36.770595989329784
UGA,100.5199966430664,-1.7303785869770734,0.06705134697801007,40.63901930839483
BAIV,25.600000381469727,0.3134793192439665,0.015224648880987235,54.35935587786292
LALT,23.90999984741211,-1.1591425415507708,-0.0006311935194413948,26.407841154332147
MARM,34.04999923706055,-0.22854875397504038,-0.0017510656845843992,48.791934109720266
NUHY,21.450000762939453,-0.04659050307433327,0.00045448611402429395,60.38643916364006
MRNY,18.700000762939453,3.743070831872644,0.05205287227064059,71.52486156311554
HIPS,11.416000366210938,1.4175444208990964,0.010377716441487286,50.467099897077695
DALI,29.316999435424805,-3.643855632200279,-0.020303757291913083,42.18832759775539
UPSD,27.729999542236328,-0.6805176702665594,0.018724101689184564,48.3126530141952
FLLA,26.540000915527344,-0.03676797568227296,0.013425229592037347,44.26226936328535
AGRW,30.84600067138672,-3.3313476201867522,0.01419128173072115,42.509115577706666
REMG,36.63999938964844,-5.222589788563013,-0.033746376674554934,48.88874488785233
HYDR,47.79999923706055,-15.845070635366717,-0.14884429760085283,30.969010648917447
UNOV,39.827999114990234,-0.7550307739440905,-0.0002748474324183875,49.829087083889625
IDYN,29.75,-2.1123986383719857,-0.009900199865987624,46.277643468945314
WTBN,25.2450008392334,0.33754512977475387,0.0018546023923797401,60.3239216436802
SAUG,27.700000762939453,0.19895208632682537,-0.0013965228425258103,64.16404815030353
OWNS,17.514999389648438,0.6030990416805527,0.0020752917034725787,62.288453535746406
SNDQ,2.390000104904175,-16.43355970038953,-0.0038928704873248954,29.694133767519318
MKTN,25.964000701904297,1.7717214921011228,0.015346328854605339,60.14435772762345
IQDY,42.18000030517578,-2.967565859908384,-0.03429505001551569,50.55710756606993
VAMO,36.2400016784668,2.170849820310235,0.026384698318088318,65.41014813607833
DBEM,40.560001373291016,-0.9475443749194752,-0.03619797176654205,52.392309397258735
RSPR,37.47999954223633,4.610920140820552,0.06093017154066677,65.1439051056214
BLUI,25.72800064086914,0.7108505635459369,0.006597168856069428,60.98344716344702
PJFV,96.89700317382812,-0.4990604570522912,-0.05248765628887275,57.9869997040705
FDIF,39.071998596191406,-1.7155581664543285,-0.0038408166696480284,54.63059042439234
ASCE,34.65999984741211,0.008651504519750691,-0.02452541479893733,60.617813018356145
MGOV,20.274999618530273,0.5939144212471464,0.0022774645950332795,63.807574465913824
GPRF,50.03499984741211,-0.2392561754667994,-0.0020021199021909714,50.27934930471455
HIBL,118.91000366210938,-9.241658885963206,-0.6258568371827478,51.215415057392704
FCLD,37.689998626708984,-1.9562007434501565,0.03271965588439696,54.024750995895594
SMAY,28.260000228881836,0.4978641019565991,-0.000475438870133571,63.18077001854586
GOEX,70.93000030517578,-6.06542405175904,0.03384386465677913,42.666188449128924
SEPW,33.24700164794922,-0.21908177534088993,0.0005101382859587777,56.801487566347525
TRPA,38.970001220703125,-0.03847477084418657,-0.0031017125361525733,62.32475512243359
HYSD,20.190000534057617,-0.024754448339421357,-0.0003616980701278555,57.16205730143642
EAPR,32.611000061035156,-1.868676010027585,-0.009006287956666664,49.11490769728111
SPD,40.7239990234375,-2.154909502782919,-0.006276512562621933,46.49871905404015
RIET,9.769000053405762,3.1246753299050853,0.01294869263408642,64.08619417171579
ZOCT,27.510000228881836,-0.30802350638770004,-0.00237390550842987,51.60804871189651
ALTL,49.65999984741211,-2.726628421557987,-0.07659107783948893,53.65934878342828
EOCT,33.970001220703125,-0.8753989876080779,-0.0022499530572167165,52.00113142836105
IBIF,26.299999237060547,0.0989536006994628,0.00510757946156782,45.91072458396537
LVIG,99.08999633789062,0.5173407358116715,0.01525638174491016,60.197111426770924
ARB,29.621999740600586,0.1419872109630118,-0.0009005507076195844,52.64831065201287
DDFA,20.06999969482422,-0.24851462387456247,0.0008391707772408274,52.11814041009656
DOG,21.8799991607666,-0.21266769828361823,0.008345374164332592,42.099660779289074
IBUF,31.06999969482422,-0.569634860044445,-0.0035605761926923996,55.42125713190021
PSCE,55.83000183105469,0.6671524570681472,0.07070324745131429,39.894202221435954
DDFN,19.950000762939453,-0.5780884176715195,-0.002389161600812817,49.226549764655935
INTM,52.31999969482422,0.28175370054440213,-0.0005181688426431907,79.3788388971517
CRCA,18.5,-17.39438736881192,0.197678220260884,35.179483844942666
DYTA,31.3799991607666,-0.9813537727567829,-0.005994857651998281,52.95185373751085
FTPA,8.751999855041504,0.36696774120167114,0.00012454645908337517,67.66696082902736
CVMC,75.79000091552734,1.4822680907358883,0.01860393679212935,66.5038040765549
FXA,68.33999633789062,-1.5982730872958766,0.00621395309970274,30.62901420884245
FAZ,39.5099983215332,-0.6109886018397501,0.08926717400890483,39.97861513839169
KSPY,28.760000228881836,-1.7088174849242213,-0.008287262676632545,47.53871106327299
CCOM,23.899999618530273,-0.9091962290008545,-0.002063714381862536,43.009930115902144
FFND,31.70400047302246,-1.4975465687340612,0.0009987388112253082,48.537771305020556
IBGA,24.639999389648438,0.7194190757623742,0.0013307352076053908,64.36814864787777
ITDD,38.11000061035156,-1.2387286860420619,-0.004999345959195739,50.503747196999285
FLCV,35.58000183105469,0.2733706772213464,-0.002828695965443495,59.088107763898584
NVII,22.950000762939453,-8.70363426368181,-0.04700631712135478,36.962253637939
BAMV,35.36000061035156,-0.2538791273651526,-0.003584530878762371,53.64984827264813
QBTX,13.609999656677246,-15.77970429958404,0.056067201409721656,44.20424011840962
EVX,41.25,3.228230593299994,0.02598471570990013,68.20310885466763
ITDC,36.38999938964844,-0.9661166214602448,-0.002487696010701118,51.196619904952165
MFSM,25.214000701904297,0.33426798226416177,0.0007123810170023628,65.05083064202299
RJDI,28.959999084472656,0.6954063073684339,-0.0013415097205769083,54.145998116051764
ZSL,31.1299991607666,22.414466327909153,-0.053488005156771656,67.00248664814285
AOTG,62.48699951171875,-3.4323432421059383,0.005373098961158118,51.91846116571241
EMCB,66.20999908447266,-0.1956346931809504,-0.0009935495013358997,54.35890952975852
SOLT,31.739999771118164,8.847736410173624,0.33529670806349543,46.465968469749846
LFGY,21.690000534057617,-5.2087081766545555,0.0014498398780507238,46.96072272316725
AFK,25.760000228881836,-3.01204538082306,0.00015313796085192344,41.18333850311568
BUZZ,35.630001068115234,-6.236839294433594,0.0063148709479337595,43.25845033060674
PUSH,50.53900146484375,0.1962784314635997,0.0021645220851861935,74.32623960452315
KAMO,24.809999465942383,0.34377788942870646,0.002192048124609389,59.59706185471242
ACEP,19.547000885009766,-2.5184478337011154,-0.015288603854529154,46.33773234311418
DDFO,22.3700008392334,-0.4007045810677552,-0.0020479449252778364,51.36325834450204
HEFT,26.34000015258789,-0.5662499804692971,0.0038083142862002095,45.67731623551614
PIFI,94.45999908447266,0.3719035935088454,0.014098645394137785,58.99413873630182
MID,67.44599914550781,-0.2041910644960642,0.01622820884604581,54.458198021821296
NATO,39.709999084472656,-1.9990161997538145,-0.023597517833633175,49.775929767186696
FGM,62.790000915527344,-1.5702219582548267,-0.03334823812231805,45.730366129733
BMVP,51.2400016784668,1.0132945130504074,0.022161956163856703,50.33896971772717
TDSC,27.575000762939453,-0.09656410352799655,0.013252808060932937,51.246481008783526
GENT,10.319999694824219,0.6829238519435976,0.0030961297221618975,61.571003707251485
NVBW,35.290000915527344,-0.7453224226519307,-0.004160992599078137,48.109521738995554
PSMO,31.889999389648438,-1.816502958445755,-0.025786720450280146,38.11379165078328
GROZ,30.780000686645508,-3.9475660932498005,-0.014008562516927725,39.869511742739014
IWMY,19.68000030517578,0.4277772770550391,-0.006962752767413094,59.33297141309832
KLIP,22.950000762939453,-3.894465789408735,0.012931726751796324,30.82898299971191
DMX,50.189998626708984,0.0,-6.578183151015327e-05,57.66759929483202
EGGQ,59.99700164794922,-7.844364280172139,-0.32589293518018403,50.25208199655996
GLIN,46.18000030517578,-1.3458685102169259,-0.05625236861202454,54.18443588791143
ZMAY,25.850000381469727,-0.3277389096702173,-0.0003461928771251073,44.06915457487618
FCUS,42.959999084472656,-6.098362656890369,-0.1282466146289687,45.392856646513586
ZAUG,27.309999465942383,-0.6367150828560277,-0.010617588217675965,39.32953378904756
FDRS,22.1299991607666,-6.189067326738116,-0.007797085948926447,38.363122196279434
HISF,44.41999816894531,0.306490148555551,0.003978817841693967,61.039972171170746
GINX,34.792999267578125,-0.7077454868324852,-0.008541516141282013,50.817447973133525
BAMD,32.77000045776367,0.955025822657234,-0.001835821921752967,58.295166989209086
STNC,37.67900085449219,-0.3807233693589548,-0.029350904202989136,57.607857818180555
FDCF,47.650001525878906,-4.535801323320995,-0.01130896346566962,40.64636109404949
LABX,147.55499267578125,-13.421933335123956,-1.1534523820811806,56.56828626718819
KGLD,26.690000534057617,-3.5417402946664067,0.02750667969785725,35.07899835750676
SEMY,15.604999542236328,-1.2775137252256787,-0.01472343212632396,55.72536414625383
VCOB,49.900001525878906,0.4024160158335263,0.001964934409689492,61.324331229954474
SPDV,39.18600082397461,1.8982720977362386,0.026004159891382855,58.04147080634958
NMAR,31.882999420166016,-0.9660210648448764,0.0001975396570112753,49.167822981783566
MILN,43.54399871826172,0.6448615105725264,0.045800098408358525,54.422371372513624
HERD,47.36399841308594,0.7851888277218712,0.05731054241231803,47.867102734658104
NUAG,21.084999084472656,0.42866511856040473,0.0018924175278938783,62.67990439115077
